[{"id":"370","field_id":6,"fields":{"0":{"id":"0","type":"name","label":"Your Name ","format":"simple","description":"","required":"1","size":"large","simple_placeholder":"Your Name ","simple_default":"","first_placeholder":"","first_default":"","middle_placeholder":"","middle_default":"","last_placeholder":"","last_default":"","label_hide":"1","css":""},"1":{"id":"1","type":"email","label":"Email","description":"","required":"1","size":"large","placeholder":"Email","confirmation_placeholder":"","label_hide":"1","default_value":"","css":""},"5":{"id":"5","type":"number","label":"Numbers","description":"","size":"large","placeholder":"Contact No.","label_hide":"1","default_value":"","css":""},"2":{"id":"2","type":"textarea","label":"Your Message","description":"","required":"1","size":"medium","placeholder":"Message","label_hide":"1","limit_count":"1","limit_mode":"characters","default_value":"","css":""}},"settings":{"form_title":"Contact Form 1","form_desc":"","form_class":"","submit_text":"Send Enquiries","submit_text_processing":"Sending...","submit_class":"","honeypot":"1","notification_enable":"1","notifications":{"1":{"email":"email@example.com","subject":"New Entry: Contact Form 1","sender_name":"{field_id=\"0\"}","sender_address":"{admin_email}","replyto":"{field_id=\"1\"}","message":"{all_fields}"}},"confirmations":{"1":{"type":"message","message":"\u003Cp\u003EThanks for contacting us! We will be in touch with you shortly.\u003C\/p\u003E","message_scroll":"1","page":"7","redirect":""}}},"meta":{"template":"contact"}}]