[{"id":"1097","field_id":2,"fields":{"1":{"id":"1","type":"email","label":"Email","description":"","required":"1","size":"large","placeholder":"Email","confirmation_placeholder":"","label_hide":"1","default_value":"","css":""}},"settings":{"form_title":"Newsletter Signup Form","form_desc":"","form_class":"inline-fields","submit_text":"Submit","submit_text_processing":"Sending...","submit_class":"inline-fields","honeypot":"1","notification_enable":"1","notifications":{"1":{"email":"{admin_email}","subject":"New Newsletter Signup Form Entry","sender_name":"Nutritionist","sender_address":"{admin_email}","replyto":"","message":"{all_fields}"}},"confirmations":{"1":{"type":"message","message":"\u003Cp\u003EThanks for contacting us! We will be in touch with you shortly.\u003C\/p\u003E","message_scroll":"1","page":"141","redirect":""}}},"meta":{"template":"subscribe"}},{"id":"6","field_id":6,"fields":{"3":{"id":"3","type":"name","label":"Name","format":"simple","description":"","required":"1","size":"large","simple_placeholder":"Name","simple_default":"","first_placeholder":"","first_default":"","middle_placeholder":"","middle_default":"","last_placeholder":"","last_default":"","label_hide":"1","css":""},"4":{"id":"4","type":"name","label":"Phone Number","format":"simple","description":"","required":"1","size":"large","simple_placeholder":"Phone Number","simple_default":"","first_placeholder":"","first_default":"","middle_placeholder":"","middle_default":"","last_placeholder":"","last_default":"","label_hide":"1","css":""},"1":{"id":"1","type":"email","label":"Email","description":"","required":"1","size":"large","placeholder":"Email","confirmation_placeholder":"","label_hide":"1","default_value":"","css":""},"5":{"id":"5","type":"textarea","label":"Message","description":"","size":"medium","placeholder":"Message","label_hide":"1","css":""}},"settings":{"form_title":"Contact Form","form_desc":"","form_class":"","submit_text":"Submit","submit_text_processing":"Sending...","submit_class":"","honeypot":"1","notification_enable":"1","notifications":{"1":{"email":"email@example.com","subject":"New Entry: Contact Form","sender_name":"{field_id=\"0\"}","sender_address":"email@example.com","replyto":"{field_id=\"1\"}","message":"{all_fields}"}},"confirmations":{"1":{"type":"message","message":"\u003Cp\u003EThanks for contacting us! We will be in touch with you shortly.\u003C\/p\u003E","message_scroll":"1","page":"141","redirect":""}}},"meta":{"template":"contact"}}]